City_ID,City,Lat,Lng,Max Temp,Humidity,Cloudiness,Wind Speed,Country,Date
0,Severomorsk,69.0689,33.4162,3.6,96,100,5.3,RU,2022-02-04 02:10:56
1,San Cristobal,7.7669,-72.225,73.58,64,85,1.43,VE,2022-02-04 02:10:56
2,Rikitea,-23.1203,-134.9692,77.97,74,100,18.88,PF,2022-02-04 02:10:57
3,Ushuaia,-54.8,-68.3,42.46,70,75,23.02,AR,2022-02-04 02:10:57
4,Kununurra,-15.7667,128.7333,85.98,74,75,4.61,AU,2022-02-04 02:10:58
5,Mataura,-46.1927,168.8643,49.3,99,100,3.11,NZ,2022-02-04 02:10:58
6,Sioux Lookout,50.1001,-91.917,-8.72,93,100,4.72,CA,2022-02-04 02:10:58
7,Atuona,-9.8,-139.0333,78.91,72,4,16.35,PF,2022-02-04 02:10:59
8,East London,-33.0153,27.9116,69.39,81,100,15.5,ZA,2022-02-04 02:10:59
9,Yellowknife,62.456,-114.3525,-26.45,67,32,5.01,CA,2022-02-04 02:11:00
10,Vila Franca Do Campo,37.7167,-25.4333,60.19,82,100,11.41,PT,2022-02-04 02:11:00
11,Bilibino,68.0546,166.4372,-3.51,68,0,3.67,RU,2022-02-04 02:11:00
12,Punta Arenas,-53.15,-70.9167,44.71,57,75,8.05,CL,2022-02-04 02:11:01
13,Kapaa,22.0752,-159.319,78.78,67,0,1.01,US,2022-02-04 02:11:02
14,Jamestown,42.097,-79.2353,23.09,67,100,8.01,US,2022-02-04 02:11:02
15,Genhe,50.7833,121.5167,-2.83,72,76,4.68,CN,2022-02-04 02:11:02
16,Lere,10.387,8.5726,61.9,16,0,7.43,NG,2022-02-04 02:11:03
17,Busselton,-33.65,115.3333,96.04,35,67,15.57,AU,2022-02-04 02:11:03
18,Saint-Georges,12.0564,-61.7485,77.45,74,7,13.06,GD,2022-02-04 02:09:20
19,Cidreira,-30.1811,-50.2056,75.87,88,80,23.58,BR,2022-02-04 02:11:04
20,Chik,54.9928,82.4311,6.55,84,25,6.71,RU,2022-02-04 02:11:04
21,Vardo,70.3705,31.1107,26.62,63,100,13.06,NO,2022-02-04 02:08:32
22,Barcelona,41.3888,2.159,55.33,79,0,1.01,ES,2022-02-04 02:10:02
23,Shelburne,44.0787,-80.2041,10.9,88,100,12.82,CA,2022-02-04 02:11:05
24,Butaritari,3.0707,172.7902,82.24,75,15,13.78,KI,2022-02-04 02:11:05
25,Hambantota,6.1241,81.1185,70.14,100,20,1.14,LK,2022-02-04 02:06:11
26,Shimoda,34.6667,138.95,44.1,63,100,4.59,JP,2022-02-04 02:11:06
27,Port Alfred,-33.5906,26.891,69.71,74,96,16.46,ZA,2022-02-04 02:11:06
28,Port Elizabeth,-33.918,25.5701,67.1,73,98,13.82,ZA,2022-02-04 02:11:07
29,Lisala,2.15,21.5167,66.24,68,100,2.84,CD,2022-02-04 02:11:07
30,Verkhoyansk,67.5447,133.385,-34.33,100,77,1.74,RU,2022-02-04 02:11:08
31,Birjand,32.8663,59.2211,39.99,23,58,1.25,IR,2022-02-04 02:11:08
32,Dikson,73.5069,80.5464,-6.9,94,100,5.99,RU,2022-02-04 02:10:12
33,Vaini,-21.2,-175.2,86.16,79,75,10.36,TO,2022-02-04 02:11:09
34,Kaitangata,-46.2817,169.8464,48.63,97,100,1.36,NZ,2022-02-04 02:11:09
35,Souillac,-20.5167,57.5167,80.37,88,100,17.98,MU,2022-02-04 02:11:10
36,Komsomolskiy,40.4272,71.7189,31.42,86,2,4.61,UZ,2022-02-04 02:11:10
37,Glenwood Springs,39.5505,-107.3248,15.03,61,0,8.05,US,2022-02-04 02:11:11
38,Vitim,59.4511,112.5578,9.0,94,100,8.32,RU,2022-02-04 02:11:11
39,Puerto Maldonado,-12.6,-69.1833,72.79,98,19,2.93,PE,2022-02-04 02:11:11
40,Carnarvon,-24.8667,113.6333,92.66,35,13,8.01,AU,2022-02-04 02:11:12
41,Charters Towers,-20.1,146.2667,76.44,75,100,12.5,AU,2022-02-04 02:11:12
42,Avarua,-21.2078,-159.775,84.25,74,40,18.41,CK,2022-02-04 02:11:13
43,Barrow,71.2906,-156.7887,-27.38,75,100,4.61,US,2022-02-04 02:10:53
44,Bluff,-46.6,168.3333,49.5,83,100,1.5,NZ,2022-02-04 02:11:13
45,Balikpapan,-1.2675,116.8289,85.19,74,20,5.75,ID,2022-02-04 02:12:14
46,Georgetown,5.4112,100.3354,84.13,75,20,5.75,MY,2022-02-04 02:11:21
47,Brae,60.3964,-1.353,35.51,51,100,30.0,GB,2022-02-04 02:12:14
48,Riyadh,24.6877,46.7219,60.94,37,12,5.59,SA,2022-02-04 02:12:15
49,Tual,-5.6667,132.75,83.52,73,90,14.09,ID,2022-02-04 02:12:15
50,Victoria,22.2855,114.1577,59.25,77,77,1.01,HK,2022-02-04 02:11:07
51,Hithadhoo,-0.6,73.0833,81.61,73,100,10.25,MV,2022-02-04 02:12:16
52,San Juan,-31.5375,-68.5364,80.73,38,5,8.75,AR,2022-02-04 02:12:16
53,Geraldton,-28.7667,114.6,101.12,11,0,16.11,AU,2022-02-04 02:12:17
54,Kudahuvadhoo,2.6708,72.8944,80.98,72,2,10.76,MV,2022-02-04 02:12:17
55,Lazaro Cardenas,17.9583,-102.2,73.24,73,0,6.2,MX,2022-02-04 02:12:18
56,Yeppoon,-23.1333,150.7333,83.98,81,100,16.64,AU,2022-02-04 02:12:18
57,Castro,-24.7911,-50.0119,65.12,98,100,5.37,BR,2022-02-04 02:12:18
58,Manono,-7.3,27.4167,67.41,98,100,2.98,CD,2022-02-04 02:12:19
59,Mahebourg,-20.4081,57.7,80.26,88,100,22.5,MU,2022-02-04 02:12:19
60,Tuatapere,-46.1333,167.6833,49.59,91,100,4.03,NZ,2022-02-04 02:12:20
61,Zyryanka,65.75,150.85,-23.62,99,100,4.85,RU,2022-02-04 02:12:20
62,Ingham,42.6,-84.3833,16.18,76,40,12.66,US,2022-02-04 02:12:20
63,Buala,-8.145,159.5921,75.88,91,100,6.55,SB,2022-02-04 02:12:21
64,Sabang,5.8933,95.3214,82.29,71,87,14.03,ID,2022-02-04 02:12:21
65,Ponta Do Sol,32.6667,-17.1,66.0,73,37,4.36,PT,2022-02-04 02:12:22
66,Post Falls,47.718,-116.9516,30.43,91,100,1.99,US,2022-02-04 02:12:22
67,Qaanaaq,77.484,-69.3632,-14.31,56,98,8.25,GL,2022-02-04 02:08:39
68,Cherskiy,68.75,161.3,-28.08,98,21,3.65,RU,2022-02-04 02:12:23
69,Leshukonskoye,64.8989,45.7622,-3.77,100,91,2.57,RU,2022-02-04 02:12:23
70,Kamenka,51.3223,42.7678,28.74,99,100,5.01,RU,2022-02-04 02:12:24
71,Mehamn,71.0357,27.8492,19.2,83,86,12.82,NO,2022-02-04 02:12:24
72,Kieta,-6.2167,155.6333,77.86,89,100,6.53,PG,2022-02-04 02:12:24
73,Hyderabad,17.3753,78.4744,69.31,55,20,1.14,IN,2022-02-04 02:08:34
74,Lebu,-37.6167,-73.65,59.76,92,17,12.68,CL,2022-02-04 02:12:25
75,Puerto Ayora,-0.7393,-90.3518,75.54,92,8,3.0,EC,2022-02-04 02:12:25
76,Longyearbyen,78.2186,15.6401,13.84,73,75,10.36,SJ,2022-02-04 02:12:26
77,Kholmy,51.871,32.6006,16.05,96,93,10.02,UA,2022-02-04 02:12:26
78,Avera,33.194,-82.5271,69.85,72,100,14.88,US,2022-02-04 02:12:27
79,Kutum,14.2,24.6667,57.16,15,0,12.62,SD,2022-02-04 02:12:27
80,Bethel,41.3712,-73.414,47.48,94,100,0.0,US,2022-02-04 02:12:28
81,Santiago Del Estero,-27.7951,-64.2615,79.29,66,17,3.6,AR,2022-02-04 02:12:16
82,Lata,40.1629,-8.3327,48.07,95,98,1.28,PT,2022-02-04 02:12:28
83,Mandera,3.9366,41.867,77.67,33,77,6.31,KE,2022-02-04 02:12:29
84,Veracruz,19.3333,-96.6667,66.87,88,14,3.02,MX,2022-02-04 02:12:29
85,Nikolskoye,59.7035,30.7861,1.29,100,100,2.17,RU,2022-02-04 02:12:29
86,Albany,42.6001,-73.9662,39.07,91,100,3.0,US,2022-02-04 02:12:30
87,Quatre Cocos,-20.2078,57.7625,80.1,89,100,20.94,MU,2022-02-04 02:12:30
88,Touros,-5.1989,-35.4608,81.5,75,61,13.33,BR,2022-02-04 02:12:31
89,Tilichiki,60.4667,166.1,3.99,76,100,10.49,RU,2022-02-04 02:12:31
90,Taltal,-25.4,-70.4833,68.49,69,0,4.68,CL,2022-02-04 02:12:31
91,Naze,28.3667,129.4833,53.96,73,100,17.45,JP,2022-02-04 02:12:32
92,Hobart,-42.8794,147.3294,70.02,47,9,3.0,AU,2022-02-04 02:08:27
93,Oksfjord,70.2396,22.3479,14.92,94,56,16.42,NO,2022-02-04 02:13:32
94,Bathsheba,13.2167,-59.5167,77.61,69,20,12.66,BB,2022-02-04 02:13:33
95,Nome,64.5011,-165.4064,6.87,52,0,32.21,US,2022-02-04 02:09:18
96,Cape Town,-33.9258,18.4232,62.28,64,32,5.01,ZA,2022-02-04 02:13:33
97,Chimbote,-9.0853,-78.5783,70.3,83,10,7.27,PE,2022-02-04 02:13:34
98,Jumla,29.2747,82.1838,34.63,98,100,6.53,NP,2022-02-04 02:13:34
99,Arraial Do Cabo,-22.9661,-42.0278,75.43,91,100,9.73,BR,2022-02-04 02:13:35
100,Grindavik,63.8424,-22.4338,27.07,68,75,19.57,IS,2022-02-04 02:13:35
101,Hermanus,-34.4187,19.2345,60.91,72,100,9.17,ZA,2022-02-04 02:13:36
102,Sivas,39.7916,37.0019,27.23,100,75,11.5,TR,2022-02-04 02:13:36
103,Pedernales,18.0384,-71.744,76.46,71,15,3.91,DO,2022-02-04 02:13:37
104,Takhtamygda,54.1,123.5667,-0.04,63,80,7.47,RU,2022-02-04 02:13:37
105,Saldanha,-33.0117,17.9442,61.5,81,0,18.86,ZA,2022-02-04 02:13:37
106,Aksarka,66.5606,67.7975,-13.29,100,99,1.23,RU,2022-02-04 02:13:38
107,Thompson,55.7435,-97.8558,-19.86,97,22,5.7,CA,2022-02-04 02:09:45
108,Aklavik,68.2191,-135.0107,-29.16,99,14,6.31,CA,2022-02-04 02:13:38
109,Olafsvik,64.8945,-23.7142,27.7,74,98,28.48,IS,2022-02-04 02:13:39
110,Sungaipenuh,-2.0833,101.3833,71.62,80,84,1.5,ID,2022-02-04 02:13:39
111,Berlevag,70.8578,29.0864,21.4,80,98,13.91,NO,2022-02-04 02:08:41
112,Cockburn Town,21.4612,-71.1419,75.76,71,0,20.56,TC,2022-02-04 02:09:36
113,La Ronge,55.1001,-105.2842,-14.31,95,77,7.27,CA,2022-02-04 02:13:40
114,Huilong,31.8111,121.655,42.98,55,6,8.01,CN,2022-02-04 02:13:41
115,Nabire,-3.3667,135.4833,78.37,87,100,2.44,ID,2022-02-04 02:13:41
116,Alexandria,31.2156,29.9553,50.27,73,34,18.81,EG,2022-02-04 02:08:51
117,Ketchikan,55.3422,-131.6461,44.58,93,100,18.41,US,2022-02-04 02:13:42
118,Deputatskiy,69.3,139.9,-24.29,97,49,2.04,RU,2022-02-04 02:13:42
119,Codrington,-38.2667,141.9667,65.52,62,81,15.01,AU,2022-02-04 02:13:42
120,Vanimo,-2.6741,141.3028,83.44,70,52,3.36,PG,2022-02-04 02:13:43
121,Viedma,-40.8135,-62.9967,70.43,48,11,8.46,AR,2022-02-04 02:13:43
122,Diamantino,-14.4086,-56.4461,72.37,95,45,4.0,BR,2022-02-04 02:11:03
123,Tavricheskoye,54.5851,73.6395,7.92,85,98,9.71,RU,2022-02-04 02:13:44
124,College,64.8569,-147.8028,0.09,51,75,5.75,US,2022-02-04 02:13:44
125,Vieques,18.425,-65.8329,77.9,78,40,11.5,PR,2022-02-04 02:13:45
126,Formosa,-26.1775,-58.1781,76.98,88,0,4.61,AR,2022-02-04 02:13:45
127,Buin,-33.7333,-70.75,71.87,68,0,3.42,CL,2022-02-04 02:13:46
128,Talara,-4.5772,-81.2719,72.09,84,41,12.59,PE,2022-02-04 02:12:17
129,Padilla,3.2204,-76.3139,74.77,92,100,3.13,CO,2022-02-04 02:13:46
130,Clyde River,70.4692,-68.5914,-5.58,96,100,17.85,CA,2022-02-04 02:12:21
131,Sobradinho,-12.8333,-39.1,72.72,91,28,2.82,BR,2022-02-04 02:13:47
132,Simpang,-1.2667,104.0833,83.1,76,33,2.8,ID,2022-02-04 02:13:47
133,Benguela,-12.5763,13.4055,74.01,75,98,2.19,AO,2022-02-04 02:13:48
134,Provideniya,64.3833,-173.3,4.26,59,9,23.94,RU,2022-02-04 02:13:48
135,Tomari,47.7658,142.0683,18.77,84,100,20.0,RU,2022-02-04 02:13:48
136,Katsuura,35.1333,140.3,42.82,66,100,10.22,JP,2022-02-04 02:13:49
137,Dolinsk,47.35,142.8,18.86,79,89,4.5,RU,2022-02-04 02:13:49
138,Gladstone,-23.85,151.25,84.13,58,100,12.66,AU,2022-02-04 02:13:50
139,Deming,32.2687,-107.7586,30.09,43,0,10.36,US,2022-02-04 02:14:50
140,Dengzhou,37.8086,120.7508,30.47,48,63,13.35,CN,2022-02-04 02:14:50
141,Mbandaka,0.0487,18.2603,70.65,76,98,4.88,CD,2022-02-04 02:14:51
142,Saint Anthony,45.0205,-93.218,1.02,63,0,1.01,US,2022-02-04 02:14:51
143,Dotnuva,55.35,23.9,25.02,95,93,6.29,LT,2022-02-04 02:14:52
144,Nuuk,64.1835,-51.7216,14.61,85,100,4.61,GL,2022-02-04 02:14:52
145,Mount Gambier,-37.8333,140.7667,71.17,43,10,9.86,AU,2022-02-04 02:14:52
146,Alofi,-19.0595,-169.9187,80.49,83,100,5.75,NU,2022-02-04 02:14:53
147,Bredasdorp,-34.5322,20.0403,60.12,72,100,3.44,ZA,2022-02-04 02:14:53
148,Saint-Louis,16.3333,-15.0,73.47,9,0,10.2,SN,2022-02-04 02:14:54
149,Dingle,10.9995,122.6711,81.09,77,75,16.82,PH,2022-02-04 02:14:54
150,Yuci,37.6803,112.7319,26.35,26,0,8.95,CN,2022-02-04 02:14:54
151,Kodiak,57.79,-152.4072,40.51,81,100,6.91,US,2022-02-04 02:11:54
152,Faanui,-16.4833,-151.75,81.23,70,1,15.1,PF,2022-02-04 02:14:55
153,Bang Len,14.0219,100.1718,87.03,71,79,2.26,TH,2022-02-04 02:14:55
154,Tomatlan,19.9333,-105.25,66.38,76,78,1.66,MX,2022-02-04 02:14:56
155,Bengkulu,-3.8004,102.2655,78.3,83,98,3.15,ID,2022-02-04 02:14:01
156,Lagoa,39.05,-27.9833,57.76,74,100,13.2,PT,2022-02-04 02:14:56
157,Largo,27.9095,-82.7873,71.94,75,0,1.01,US,2022-02-04 02:14:55
158,Nieuw Amsterdam,5.8833,-55.0833,76.01,93,86,9.51,SR,2022-02-04 02:14:57
159,Ancud,-41.8697,-73.8203,61.23,96,44,3.18,CL,2022-02-04 02:14:55
160,Tessalit,20.1986,1.0114,56.61,17,0,11.68,ML,2022-02-04 02:14:58
161,Esna,25.2934,32.554,51.85,42,0,7.36,EG,2022-02-04 02:14:58
162,Severo-Kurilsk,50.6789,156.125,31.33,88,100,10.8,RU,2022-02-04 02:14:59
163,Dhrangadhra,22.9833,71.4667,58.66,45,0,6.44,IN,2022-02-04 02:14:59
164,Alice Springs,-23.7,133.8833,74.75,33,97,16.11,AU,2022-02-04 02:14:59
165,Saint-Philippe,-21.3585,55.7679,80.15,93,100,33.08,RE,2022-02-04 02:10:07
166,Iqaluit,63.7506,-68.5145,-9.67,64,75,4.61,CA,2022-02-04 02:15:00
167,Portland,45.5234,-122.6762,47.52,90,20,1.01,US,2022-02-04 02:14:01
168,Husavik,66.0449,-17.3389,22.91,93,100,15.59,IS,2022-02-04 02:15:00
169,Kahului,20.8947,-156.47,79.86,63,20,18.41,US,2022-02-04 02:15:01
170,Bundaberg,-24.85,152.35,79.75,59,92,16.11,AU,2022-02-04 02:15:01
171,Lake Havasu City,34.4839,-114.3224,55.4,16,0,4.0,US,2022-02-04 02:15:02
172,Tiarei,-17.5333,-149.3333,87.82,76,22,15.84,PF,2022-02-04 02:15:02
173,Yartsevo,55.0667,32.6964,7.41,97,73,5.59,RU,2022-02-04 02:15:03
174,Semiletka,55.3603,54.6153,30.45,98,100,10.85,RU,2022-02-04 02:15:04
175,Katima Mulilo,-17.5,24.2667,65.35,94,100,1.48,NA,2022-02-04 02:15:04
176,Cuilco,15.4,-91.9667,72.75,83,76,0.89,GT,2022-02-04 02:15:05
177,Saint George,37.1041,-113.5841,41.95,28,0,3.0,US,2022-02-04 02:11:02
178,Praia Da Vitoria,38.7333,-27.0667,57.45,88,20,13.2,PT,2022-02-04 02:15:05
179,Turayf,31.6725,38.6637,46.65,76,0,18.41,SA,2022-02-04 02:15:06
180,Camana,-16.6228,-72.7111,71.17,82,91,6.96,PE,2022-02-04 02:15:06
181,Kimbe,-5.5502,150.1429,85.48,67,100,10.8,PG,2022-02-04 02:15:07
182,Boende,-0.2167,20.8667,67.05,95,95,2.73,CD,2022-02-04 02:15:07
183,Garowe,8.4054,48.4845,61.66,54,5,6.17,SO,2022-02-04 02:15:08
184,Sao Filipe,14.8961,-24.4956,73.02,75,0,9.48,CV,2022-02-04 02:16:08
185,Uthal,25.8072,66.6219,61.21,20,0,9.51,PK,2022-02-04 02:16:09
186,Upernavik,72.7868,-56.1549,3.79,66,100,6.04,GL,2022-02-04 02:13:09
187,Aksha,50.2814,113.2867,-4.11,87,12,4.14,RU,2022-02-04 02:16:09
188,Hasaki,35.7333,140.8333,46.29,55,100,9.55,JP,2022-02-04 02:16:10
189,Koungou,-12.7336,45.2042,82.11,78,0,10.36,YT,2022-02-04 02:16:10
190,New Norfolk,-42.7826,147.0587,70.66,35,1,3.0,AU,2022-02-04 02:16:10
191,Along,28.1667,94.7667,52.95,76,47,1.99,IN,2022-02-04 02:16:11
192,Hobyo,5.3505,48.5268,75.0,75,45,14.54,SO,2022-02-04 02:16:11
193,Yerbogachen,61.2767,108.0108,4.32,98,100,3.78,RU,2022-02-04 02:12:11
194,Luderitz,-26.6481,15.1594,68.23,70,1,15.12,NA,2022-02-04 02:16:12
195,Caxito,-8.5785,13.6643,73.17,85,100,3.11,AO,2022-02-04 02:16:13
196,Grants,35.1473,-107.8514,12.43,73,0,0.0,US,2022-02-04 02:16:13
197,Hilo,19.7297,-155.09,76.73,77,100,9.22,US,2022-02-04 02:16:13
198,Mareeba,-17.0,145.4333,83.12,86,100,4.79,AU,2022-02-04 02:16:14
199,Posse,-14.0931,-46.3694,73.0,76,91,2.48,BR,2022-02-04 02:14:50
200,Thoen,17.6129,99.2161,76.55,47,65,1.74,TH,2022-02-04 02:16:14
201,Conakry,9.538,-13.6773,73.36,79,1,9.13,GN,2022-02-04 02:15:30
202,Leningradskiy,69.3833,178.4167,-8.3,81,2,8.59,RU,2022-02-04 02:16:15
203,Basco,20.4487,121.9702,75.78,75,68,17.76,PH,2022-02-04 02:16:16
204,Miri,4.4148,114.0089,81.99,78,100,5.82,MY,2022-02-04 02:13:53
205,Evensk,61.95,159.2333,17.02,44,59,23.64,RU,2022-02-04 02:16:16
206,Tuktoyaktuk,69.4541,-133.0374,-22.0,76,75,9.22,CA,2022-02-04 02:16:17
207,Nakamura,32.9833,132.9333,47.91,41,55,8.81,JP,2022-02-04 02:16:18
208,Buturlino,55.5667,44.8974,18.36,91,100,9.15,RU,2022-02-04 02:16:19
209,Maniitsoq,65.4167,-52.9,12.2,82,100,21.32,GL,2022-02-04 02:16:19
210,Tiksi,71.6872,128.8694,-11.63,100,100,6.64,RU,2022-02-04 02:16:19
211,Kirakira,-10.4544,161.9205,81.97,82,100,10.74,SB,2022-02-04 02:16:20
212,Pimentel,-6.8367,-79.9342,70.7,82,89,12.59,PE,2022-02-04 02:16:20
213,Roald,62.5833,6.1333,40.12,93,75,13.8,NO,2022-02-04 02:16:21
214,Natal,-5.795,-35.2094,82.62,78,40,9.22,BR,2022-02-04 02:15:28
215,Mar Del Plata,-38.0023,-57.5575,71.1,94,100,0.0,AR,2022-02-04 02:16:21
216,Adrar,20.5022,-10.0711,60.93,19,0,10.22,MR,2022-02-04 02:16:22
217,Benemerito De Las Americas,16.5167,-90.6439,74.5,78,27,0.36,MX,2022-02-04 02:16:22
218,Wanning,18.8003,110.3967,65.08,87,100,10.42,CN,2022-02-04 02:16:23
219,Altay,47.8667,88.1167,3.42,61,6,7.31,CN,2022-02-04 02:16:23
220,Kantunilkin,21.0917,-87.45,76.95,97,0,3.44,MX,2022-02-04 02:16:24
221,Puerto Narino,-3.7703,-70.3831,76.95,98,77,1.66,CO,2022-02-04 02:16:24
222,San Lawrenz,36.0553,14.204,49.86,81,2,7.78,MT,2022-02-04 02:16:25
223,San Miguel,13.4833,-88.1833,72.3,82,1,2.98,SV,2022-02-04 02:16:25
224,Polyanka,50.2584,27.6881,13.46,100,99,3.29,UA,2022-02-04 02:16:25
225,Uyemskiy,64.4743,40.8524,1.45,92,75,0.0,RU,2022-02-04 02:16:26
226,Ribeira Grande,38.5167,-28.7,58.68,74,100,17.74,PT,2022-02-04 02:16:26
227,Yulara,-25.2406,130.9889,78.64,27,93,19.57,AU,2022-02-04 02:16:27
228,Tungao,8.7772,125.5719,72.21,99,100,2.01,PH,2022-02-04 02:16:27
229,Lebork,54.5392,17.7501,40.91,99,100,6.96,PL,2022-02-04 02:16:27
230,Tasiilaq,65.6145,-37.6368,14.16,62,96,6.69,GL,2022-02-04 02:16:28
231,Laem Sing,12.4816,102.0738,83.14,100,18,6.15,TH,2022-02-04 02:17:28
232,Lavrentiya,65.5833,-171.0,-0.15,60,0,20.49,RU,2022-02-04 02:17:29
233,Coahuayana,18.7333,-103.6833,78.28,78,7,0.13,MX,2022-02-04 02:14:04
234,Caceres,39.522,-6.3748,44.8,71,100,2.82,ES,2022-02-04 02:17:29
235,Tura,25.5198,90.2201,60.22,69,100,1.63,IN,2022-02-04 02:17:30
236,Saskylakh,71.9167,114.0833,-16.13,97,100,1.7,RU,2022-02-04 02:17:30
237,Kloulklubed,7.0419,134.2556,84.7,76,30,22.15,PW,2022-02-04 02:17:31
238,Sao Joao Da Barra,-21.6403,-41.0511,73.78,96,97,5.79,BR,2022-02-04 02:17:31
239,Meadow Lake,34.8014,-106.5436,24.12,77,14,3.53,US,2022-02-04 02:17:32
240,Padang,-0.9492,100.3543,78.85,73,92,1.66,ID,2022-02-04 02:17:32
241,Tomohon,1.3346,124.8392,74.34,81,100,3.76,ID,2022-02-04 02:17:32
242,Mana,5.6592,-53.7767,76.3,89,80,9.64,GF,2022-02-04 02:17:33
243,Airai,-8.9266,125.4092,71.64,67,77,4.41,TL,2022-02-04 02:17:33
244,Brooks,50.5834,-111.8851,5.63,75,100,6.91,CA,2022-02-04 02:17:34
245,Klaksvik,62.2266,-6.589,36.52,83,98,48.9,FO,2022-02-04 02:17:34
246,Flinders,-34.5833,150.8552,72.81,59,77,15.99,AU,2022-02-04 02:16:32
247,Bereda,43.2686,-7.5406,49.01,89,100,2.8,ES,2022-02-04 02:17:35
248,Isangel,-19.55,169.2667,84.31,100,100,4.61,VU,2022-02-04 02:17:35
249,Santa Vitoria Do Palmar,-33.5189,-53.3681,73.56,93,100,5.35,BR,2022-02-04 02:17:35
250,Progreso,21.2833,-89.6667,82.51,56,0,13.4,MX,2022-02-04 02:17:36
251,Chegdomyn,51.1167,133.0167,-9.63,91,94,2.04,RU,2022-02-04 02:17:36
252,Fortuna,40.5982,-124.1573,48.65,87,40,6.91,US,2022-02-04 02:17:37
253,Zar,40.2588,44.732,24.82,75,95,6.71,AM,2022-02-04 02:17:37
254,Volda,62.1476,6.0741,39.88,99,100,5.21,NO,2022-02-04 02:17:38
255,Baykit,61.67,96.37,11.86,97,100,3.56,RU,2022-02-04 02:17:38
256,Port-Gentil,-0.7193,8.7815,79.66,79,100,6.8,GA,2022-02-04 02:17:38
257,Lorengau,-2.0226,147.2712,84.72,64,100,9.08,PG,2022-02-04 02:17:39
258,San Policarpo,12.1791,125.5072,77.23,85,100,20.58,PH,2022-02-04 02:17:39
259,Eenhana,-17.4667,16.3333,71.29,62,100,8.28,NA,2022-02-04 02:17:40
260,Watrous,51.6668,-105.4679,-15.02,70,94,14.97,CA,2022-02-04 02:17:40
261,Kruisfontein,-34.0033,24.7314,64.89,80,62,9.19,ZA,2022-02-04 02:17:41
262,Warmbad,-28.45,18.7333,73.85,41,6,6.55,NA,2022-02-04 02:17:41
263,Hearst,49.6835,-83.6665,-25.35,98,11,3.33,CA,2022-02-04 02:17:41
264,Chunskiy,56.0815,99.6342,-1.14,98,99,2.28,RU,2022-02-04 02:17:42
265,Kivioli,59.3531,26.9711,9.82,100,98,4.54,EE,2022-02-04 02:17:42
266,Labuhan,-6.8844,112.2051,81.81,76,80,5.46,ID,2022-02-04 02:17:42
267,Khatanga,71.9667,102.5,-32.51,100,90,4.41,RU,2022-02-04 02:17:43
268,Norman Wells,65.282,-126.8329,-39.96,67,20,0.0,CA,2022-02-04 02:17:43
269,Coihaique,-45.5752,-72.0662,58.95,72,75,4.61,CL,2022-02-04 02:17:44
270,Machico,32.7,-16.7667,66.0,86,20,6.91,PT,2022-02-04 02:17:44
271,Burnie,-41.0667,145.9167,66.94,55,1,8.86,AU,2022-02-04 02:17:44
272,Zarya,55.7553,38.0958,19.89,98,99,3.29,RU,2022-02-04 02:17:45
273,Puerto Cabezas,14.0351,-83.3888,75.51,87,3,6.13,NI,2022-02-04 02:17:45
274,Pevek,69.7008,170.3133,-18.22,99,24,3.27,RU,2022-02-04 02:17:46
275,Itoman,26.1247,127.6694,62.62,92,75,16.11,JP,2022-02-04 02:17:46
276,Sitka,57.0531,-135.33,44.49,81,100,19.57,US,2022-02-04 02:17:47
277,Zhigansk,66.7697,123.3711,-30.15,98,93,2.8,RU,2022-02-04 02:18:47
278,Salisbury,51.0693,-1.7957,50.65,90,75,14.97,GB,2022-02-04 02:16:34
279,Quilmana,-12.95,-76.3833,70.7,82,20,1.81,PE,2022-02-04 02:18:48
280,Sangmelima,2.9333,11.9833,67.23,93,100,3.44,CM,2022-02-04 02:18:48
281,Montepuez,-13.1256,38.9997,69.12,95,100,3.38,MZ,2022-02-04 02:18:49
282,Sorland,67.667,12.6934,25.2,80,100,34.14,NO,2022-02-04 02:17:43
283,Bakchar,57.0186,82.0711,7.11,93,66,7.58,RU,2022-02-04 02:18:49
284,Sao Raimundo Das Mangabeiras,-7.0219,-45.4811,78.93,65,93,3.06,BR,2022-02-04 02:18:50
285,Bismarck,46.8083,-100.7837,19.24,68,100,6.91,US,2022-02-04 02:15:05
286,Anadyr,64.75,177.4833,14.5,52,12,26.84,RU,2022-02-04 02:18:50
287,Esperance,-33.8667,121.9,76.77,48,2,9.08,AU,2022-02-04 02:18:51
288,Torbay,47.6666,-52.7314,37.49,86,100,16.11,CA,2022-02-04 02:18:51
289,Goldap,54.3063,22.3036,30.13,97,100,9.48,PL,2022-02-04 02:18:51
290,Guerrero Negro,27.9769,-114.0611,59.94,30,0,16.78,MX,2022-02-04 02:18:52
291,Grand Gaube,-20.0064,57.6608,81.0,84,100,10.0,MU,2022-02-04 02:17:03
292,Betioky,-23.7167,44.3833,71.51,73,0,5.91,MG,2022-02-04 02:18:52
293,Ugoofaaru,5.6667,73.0,80.65,74,74,8.7,MV,2022-02-04 02:18:53
294,Cabo San Lucas,22.8909,-109.9124,68.31,55,20,3.44,MX,2022-02-04 02:17:26
295,Tecoanapa,16.5167,-98.75,75.83,69,0,5.23,MX,2022-02-04 02:18:53
296,Guarapari,-20.6667,-40.4975,76.89,91,100,3.2,BR,2022-02-04 02:18:54
297,La Palma,33.8464,-118.0467,64.35,55,40,1.99,US,2022-02-04 02:18:54
298,Nador,35.174,-2.9287,57.45,41,0,1.14,MA,2022-02-04 02:18:55
299,Comodoro Rivadavia,-45.8667,-67.5,60.66,88,40,0.0,AR,2022-02-04 02:18:55
300,Honningsvag,70.9821,25.9704,25.56,71,29,21.41,NO,2022-02-04 02:18:55
301,Rocky Mountain House,52.3668,-114.9188,2.95,78,100,11.5,CA,2022-02-04 02:18:56
302,Kupang,-10.1667,123.5833,80.55,83,92,11.05,ID,2022-02-04 02:18:56
303,Walvis Bay,-22.9575,14.5053,66.09,81,4,9.95,NA,2022-02-04 02:18:57
304,Pemangkat,1.1667,108.9667,78.75,85,100,4.94,ID,2022-02-04 02:18:57
305,Okato,-39.2,173.8833,77.92,73,40,14.43,NZ,2022-02-04 02:18:58
306,Chalus,36.655,51.4204,44.06,76,75,4.61,IR,2022-02-04 02:18:58
307,Shumskiy,54.8318,99.1328,-1.71,96,50,3.11,RU,2022-02-04 02:18:59
308,Winona,43.9666,-91.7668,-0.11,71,0,0.0,US,2022-02-04 02:17:21
309,Kavieng,-2.5744,150.7967,82.87,73,98,4.99,PG,2022-02-04 02:18:59
310,Mastic Beach,40.7668,-72.8521,49.24,97,100,1.99,US,2022-02-04 02:19:00
311,Shingu,33.7333,135.9833,47.39,33,87,2.66,JP,2022-02-04 02:16:13
312,Los Llanos De Aridane,28.6585,-17.9182,61.12,64,0,7.0,ES,2022-02-04 02:15:04
313,Bandarbeyla,9.4942,50.8122,72.34,72,6,12.33,SO,2022-02-04 02:19:01
314,Wasilla,61.5814,-149.4394,28.27,73,100,18.41,US,2022-02-04 02:16:01
315,San Ramon De La Nueva Oran,-23.1322,-64.326,73.06,93,100,2.55,AR,2022-02-04 02:19:01
316,Bridlington,54.0831,-0.1919,47.89,87,100,14.32,GB,2022-02-04 02:19:02
317,Dunedin,-45.8742,170.5036,50.7,95,100,4.7,NZ,2022-02-04 02:19:02
318,Paamiut,61.994,-49.6678,19.4,95,100,10.04,GL,2022-02-04 02:19:03
319,Myitkyina,25.3833,97.4,58.96,64,61,4.16,MM,2022-02-04 02:17:37
320,Cairns,-16.9167,145.7667,87.75,62,100,6.91,AU,2022-02-04 02:19:03
321,Abu Kamal,34.4506,40.9171,51.84,50,100,11.68,SY,2022-02-04 02:17:46
322,Inongo,-1.95,18.2667,71.98,91,100,5.19,CD,2022-02-04 02:19:04
323,Motala,58.5371,15.0365,35.38,91,100,9.91,SE,2022-02-04 02:20:04
324,Goderich,43.7501,-81.7165,15.91,73,100,11.5,CA,2022-02-04 02:17:32
325,Swellendam,-34.0226,20.4417,59.38,73,100,5.06,ZA,2022-02-04 02:20:05
326,Poum,-20.2333,164.0167,82.51,84,84,15.39,NC,2022-02-04 02:20:05
327,Asosa,10.0667,34.5333,68.13,26,34,6.55,ET,2022-02-04 02:20:06
328,Salalah,17.0151,54.0924,68.09,83,0,1.14,OM,2022-02-04 02:20:06
329,Muhororo,0.9381,30.7594,65.8,56,100,1.59,UG,2022-02-04 02:20:07
330,Pakxan,18.3778,103.6601,71.76,61,58,5.35,LA,2022-02-04 02:20:07
331,Karratha,-20.7377,116.8463,91.8,43,82,10.27,AU,2022-02-04 02:20:08
332,Yining,29.0361,114.5636,43.52,75,46,2.39,CN,2022-02-04 02:20:08
333,Matagami,49.7502,-77.6328,-25.49,68,0,3.44,CA,2022-02-04 02:17:34
334,Bud,39.447,-86.1758,21.85,91,100,17.11,US,2022-02-04 02:20:09
335,El Estor,15.5333,-89.35,73.18,87,5,2.37,GT,2022-02-04 02:20:09
336,Lasa,46.6166,10.7002,38.66,64,52,3.38,IT,2022-02-04 02:20:09
337,Bilma,18.6853,12.9164,52.7,29,0,13.4,NE,2022-02-04 02:20:10
338,Talnakh,69.4865,88.3972,-13.54,98,79,7.2,RU,2022-02-04 02:19:58
339,Hofn,64.2539,-15.2082,29.48,57,100,22.37,IS,2022-02-04 02:20:10
340,Arlit,18.7369,7.3853,55.2,20,6,7.78,NE,2022-02-04 02:20:11
341,Gushikawa,26.3544,127.8686,61.83,95,20,11.5,JP,2022-02-04 02:20:11
342,Cascais,38.6979,-9.4215,54.52,75,100,1.01,PT,2022-02-04 02:20:12
343,Bani Walid,31.7566,13.9942,48.27,89,0,7.74,LY,2022-02-04 02:20:12
344,Stephenville,32.2207,-98.2023,18.68,86,100,0.0,US,2022-02-04 02:16:30
345,Bure,10.7,37.0667,61.47,53,100,7.0,ET,2022-02-04 02:20:13
346,Port Lincoln,-34.7333,135.8667,67.06,60,44,15.73,AU,2022-02-04 02:16:34
347,Trofors,65.5333,13.4063,29.55,94,100,7.18,NO,2022-02-04 02:20:13
348,Chumikan,54.7183,135.315,0.52,82,100,15.52,RU,2022-02-04 02:20:14
349,Dullewala,31.8359,71.4362,47.35,89,0,4.99,PK,2022-02-04 02:20:14
350,Vestmannaeyjar,63.4427,-20.2734,27.37,66,11,35.77,IS,2022-02-04 02:20:15
351,Vinukonda,16.05,79.75,69.62,86,15,4.45,IN,2022-02-04 02:20:15
352,Lukulu,-14.3707,23.242,65.41,97,100,6.8,ZM,2022-02-04 02:20:15
353,Beloha,-25.1667,45.05,71.2,93,6,10.11,MG,2022-02-04 02:20:16
354,Bozhou,33.8772,115.7703,40.64,47,0,5.53,CN,2022-02-04 02:20:16
355,Ilulissat,69.2167,-51.1,19.42,58,100,16.11,GL,2022-02-04 02:20:17
356,Kamenz,51.268,14.0937,44.1,87,100,8.95,DE,2022-02-04 02:20:18
357,Nemuro,43.3236,145.575,25.23,63,15,15.08,JP,2022-02-04 02:20:18
358,Caravelas,-17.7125,-39.2481,76.71,90,95,4.45,BR,2022-02-04 02:20:18
359,Hornepayne,49.2138,-84.7705,-17.36,97,8,2.37,CA,2022-02-04 02:20:19
360,Arawa,-6.2132,155.5367,77.4,93,100,2.46,PG,2022-02-04 02:20:19
361,Ekimchan,53.0667,132.9667,-6.97,87,100,2.21,RU,2022-02-04 02:20:20
362,Maceio,-9.6658,-35.7353,78.24,83,20,3.44,BR,2022-02-04 02:20:20
363,Olga,43.7444,135.2892,13.69,47,11,15.35,RU,2022-02-04 02:20:20
364,Cayenne,4.9333,-52.3333,78.1,88,20,4.0,GF,2022-02-04 02:20:21
365,Saquarema,-22.92,-42.5103,75.22,94,100,7.78,BR,2022-02-04 02:17:12
366,Longkou,37.6508,120.3286,30.81,51,38,14.45,CN,2022-02-04 02:20:21
367,Awbari,26.5921,12.7805,48.09,47,0,6.13,LY,2022-02-04 02:17:39
368,Namibe,-15.1961,12.1522,71.11,78,2,6.24,AO,2022-02-04 02:20:22
369,Buritama,-21.0661,-50.1472,72.18,90,100,3.98,BR,2022-02-04 02:21:22
370,Vallenar,-28.5708,-70.7581,66.9,58,0,3.62,CL,2022-02-04 02:19:53
371,Constitucion,-35.3333,-72.4167,58.17,94,37,4.68,CL,2022-02-04 02:21:23
372,Nyurba,63.2842,118.3319,-27.18,100,86,3.2,RU,2022-02-04 02:21:23
373,Vostok,46.4856,135.8833,0.07,85,98,4.09,RU,2022-02-04 02:19:59
374,Jizan,17.3333,42.6667,76.14,82,80,3.98,SA,2022-02-04 02:21:24
375,Shelkovskaya,43.5069,46.3392,31.87,91,100,6.53,RU,2022-02-04 02:21:24
376,Chapais,49.7834,-74.8492,-24.02,100,46,2.59,CA,2022-02-04 02:17:45
377,Correntina,-13.3433,-44.6367,71.87,80,27,1.54,BR,2022-02-04 02:21:25
378,Xining,36.6167,101.7667,14.43,51,100,1.59,CN,2022-02-04 02:21:25
379,Calbuco,-41.768,-73.1273,61.81,96,90,5.66,CL,2022-02-04 02:21:26
380,Labrea,-7.2586,-64.7981,72.75,99,90,1.99,BR,2022-02-04 02:21:26
381,Siatista,40.2619,21.5442,28.45,86,23,4.52,GR,2022-02-04 02:21:27
382,Nanakuli,21.3906,-158.1547,81.77,46,0,14.97,US,2022-02-04 02:21:27
383,Turkistan,43.0,68.0,32.88,72,3,12.03,KZ,2022-02-04 02:21:27
384,Ulladulla,-35.35,150.4667,71.1,73,79,13.18,AU,2022-02-04 02:21:28
385,San Patricio,28.017,-97.5169,35.83,75,100,18.37,US,2022-02-04 02:21:28
386,Erenhot,43.6475,111.9767,0.88,85,12,5.46,CN,2022-02-04 02:16:49
387,Kropotkin,45.4375,40.5756,37.11,98,100,6.46,RU,2022-02-04 02:21:29
388,Petatlan,17.5167,-101.2667,78.6,77,0,2.91,MX,2022-02-04 02:21:29
389,Le Moule,16.3332,-61.3473,73.18,100,0,9.57,GP,2022-02-04 02:21:30
390,Claresholm,50.0333,-113.5852,8.51,72,100,8.05,CA,2022-02-04 02:21:30
391,Morros,-9.4467,-46.3003,76.8,64,70,1.99,BR,2022-02-04 02:21:30
392,Graham,47.0529,-122.2943,47.12,91,20,0.0,US,2022-02-04 02:21:31
393,Poroschia,43.9333,25.3667,31.35,77,10,4.32,RO,2022-02-04 02:21:31
394,Nizhniy Kuranakh,58.8353,125.4869,-7.49,93,100,5.1,RU,2022-02-04 02:21:32
395,Monywa,22.1167,95.1333,63.93,57,0,11.77,MM,2022-02-04 02:21:32
396,Umm Kaddadah,13.6017,26.6876,66.25,18,3,20.02,SD,2022-02-04 02:21:32
397,Maldonado,-34.6667,-54.9167,71.22,97,100,3.31,UY,2022-02-04 02:21:33
398,Vila Velha,-20.3297,-40.2925,76.95,94,75,5.99,BR,2022-02-04 02:21:33
399,Ahipara,-35.1667,173.1667,77.4,69,88,14.43,NZ,2022-02-04 02:21:34
400,Berezovyy,51.6667,135.7,1.94,87,100,0.43,RU,2022-02-04 02:19:33
401,Bonavista,48.6499,-53.1147,38.12,87,100,29.33,CA,2022-02-04 02:21:34
402,Westport,41.1415,-73.3579,49.01,96,100,1.01,US,2022-02-04 02:19:46
403,Tezu,27.9167,96.1667,62.33,44,68,0.98,IN,2022-02-04 02:21:35
404,Besuki,-7.7338,113.6979,83.44,71,27,2.39,ID,2022-02-04 02:21:35
405,Okhotsk,59.3833,143.3,7.93,74,88,15.43,RU,2022-02-04 02:21:36
406,Show Low,34.2542,-110.0298,23.05,44,0,4.61,US,2022-02-04 02:21:36
407,Mount Isa,-20.7333,139.5,83.97,32,100,12.66,AU,2022-02-04 02:21:36
408,Nongpoh,25.9,91.8833,54.97,66,87,3.91,IN,2022-02-04 02:21:37
409,Zhadovka,53.5746,46.9498,32.23,99,100,5.28,RU,2022-02-04 02:21:37
410,Warri,5.5167,5.75,77.07,85,82,2.48,NG,2022-02-04 02:21:38
411,Peniche,39.3558,-9.3811,54.63,85,97,5.14,PT,2022-02-04 02:21:38
412,Khani,41.9563,42.9566,27.97,74,100,7.34,GE,2022-02-04 02:21:39
413,Bambous Virieux,-20.3428,57.7575,80.85,94,75,24.16,MU,2022-02-04 02:18:45
414,Sfantu Gheorghe,45.8667,25.7833,21.81,94,100,2.62,RO,2022-02-04 02:20:00
415,Zaozerne,45.1582,33.2787,35.94,77,100,16.04,UA,2022-02-04 02:21:40
416,Koumac,-20.5667,164.2833,85.23,75,91,10.45,NC,2022-02-04 02:22:40
417,Kjollefjord,70.9457,27.3465,18.99,85,72,12.8,NO,2022-02-04 02:22:41
418,Gobabis,-22.45,18.9667,68.83,45,25,8.75,NA,2022-02-04 02:22:41
419,Yima,34.7381,111.8839,39.24,46,1,9.19,CN,2022-02-04 02:22:41
420,Socorro,31.6546,-106.3033,34.0,57,40,9.22,US,2022-02-04 02:22:42
421,Kabanjahe,3.1001,98.4908,65.16,79,32,2.57,ID,2022-02-04 02:22:42
422,Sattahip,12.6664,100.9007,87.3,78,20,5.75,TH,2022-02-04 02:22:43
423,Filadelfia,39.9523,-75.1638,54.21,95,100,1.99,US,2022-02-04 02:20:17
424,Nouakchott,18.0858,-15.9785,69.73,26,0,10.65,MR,2022-02-04 02:22:43
425,Kralendijk,12.15,-68.2667,79.21,80,3,19.19,BQ,2022-02-04 02:22:44
426,Gazanjyk,39.2446,55.5154,46.76,39,86,3.98,TM,2022-02-04 02:22:44
427,Eureka,40.8021,-124.1637,48.92,85,2,1.99,US,2022-02-04 02:19:20
428,Bagdarin,54.4333,113.6,-2.43,84,100,3.8,RU,2022-02-04 02:22:45
429,Gerash,27.6652,54.1371,41.14,37,0,1.72,IR,2022-02-04 02:22:45
430,Ponta Delgada,37.7333,-25.6667,60.49,72,20,13.8,PT,2022-02-04 02:22:45
431,Shitanjing,39.2342,106.3439,14.52,35,0,0.16,CN,2022-02-04 02:22:46
432,Nanortalik,60.1432,-45.2371,26.62,95,100,11.25,GL,2022-02-04 02:21:49
433,Jining,35.405,116.5814,44.01,1,37,7.63,CN,2022-02-04 02:22:46
434,La Rioja,42.25,-2.5,46.04,61,94,3.51,ES,2022-02-04 02:22:47
435,Lodja,-3.4833,23.4333,67.77,92,100,1.5,CD,2022-02-04 02:22:47
436,Anaconda,46.1285,-112.9423,27.59,89,19,6.26,US,2022-02-04 02:22:48
437,Dudinka,69.4058,86.1778,-21.91,100,65,4.0,RU,2022-02-04 02:22:05
438,Mao,39.8885,4.2658,48.76,93,20,6.91,ES,2022-02-04 02:22:48
439,Krasnoborsk,61.5598,45.934,-2.74,100,88,3.29,RU,2022-02-04 02:22:49
440,Moose Factory,51.2585,-80.6094,-14.82,64,0,6.91,CA,2022-02-04 02:22:45
441,Huangmei,30.1924,116.025,41.16,76,90,3.49,CN,2022-02-04 02:22:49
442,Rapid Valley,44.0625,-103.1463,26.56,52,0,5.75,US,2022-02-04 02:22:50
443,Puerto Madero,14.7208,-92.4215,77.2,83,0,0.0,MX,2022-02-04 02:22:50
444,Peruibe,-24.32,-46.9983,75.38,95,100,6.38,BR,2022-02-04 02:22:10
445,Nueva Gerona,21.8833,-82.8,75.54,82,0,8.75,CU,2022-02-04 02:22:51
446,Megion,61.0296,76.1136,21.22,95,100,16.24,RU,2022-02-04 02:22:51
447,Sabha,27.0377,14.4283,47.57,61,0,9.4,LY,2022-02-04 02:22:52
448,Eyrarbakki,63.863,-21.1481,26.65,69,51,25.77,IS,2022-02-04 02:22:52
449,Saint-Francois,46.4154,3.9054,40.44,87,100,4.61,FR,2022-02-04 02:22:53
450,Ilebo,-4.3167,20.5833,66.79,98,100,1.59,CD,2022-02-04 02:22:53
451,Moissy-Cramayel,48.6167,2.6,46.0,94,100,12.66,FR,2022-02-04 02:22:53
452,Orbetello,42.4408,11.2196,51.8,93,100,8.05,IT,2022-02-04 02:22:54
453,Solnechnyy,50.7214,136.6319,0.25,93,99,2.42,RU,2022-02-04 02:22:54
454,Vidim,56.4088,103.1106,-4.7,100,100,4.0,RU,2022-02-04 02:22:55
455,Kenai,60.5544,-151.2583,25.14,91,100,21.85,US,2022-02-04 02:18:50
456,Bella Vista,36.4295,-94.2316,18.12,83,100,5.01,US,2022-02-04 02:22:55
457,Calamar,10.2511,-74.9146,80.55,76,0,7.27,CO,2022-02-04 02:22:56
458,Itarema,-2.9248,-39.9167,78.49,84,89,11.27,BR,2022-02-04 02:21:50
459,Mauriti,-7.3892,-38.7744,77.31,60,87,1.59,BR,2022-02-04 02:22:56
460,Kismayo,-0.3582,42.5454,77.99,87,97,19.04,SO,2022-02-04 02:22:57
461,Hovd,48.0056,91.6419,-9.69,81,23,3.89,MN,2022-02-04 02:22:57
462,Necochea,-38.5473,-58.7368,66.04,92,100,5.57,AR,2022-02-04 02:20:56
463,Faya,18.3851,42.4509,53.71,58,10,3.53,SA,2022-02-04 02:23:58
464,Bairiki,1.3292,172.9752,86.0,74,40,13.8,KI,2022-02-04 02:23:58
465,Muzhi,65.3667,64.6667,-2.97,98,100,3.18,RU,2022-02-04 02:23:59
466,Bonthe,7.5264,-12.505,75.97,88,2,2.98,SL,2022-02-04 02:20:29
467,Beipiao,41.7919,120.7792,12.31,47,0,17.05,CN,2022-02-04 02:23:59
468,Parrita,9.5201,-84.3225,82.17,79,1,2.06,CR,2022-02-04 02:24:00
469,Cururupu,-1.8283,-44.8683,75.56,91,92,3.42,BR,2022-02-04 02:24:00
470,Fort-Shevchenko,44.5086,50.263,43.11,95,100,14.34,KZ,2022-02-04 02:24:00
471,Lompoc,34.6391,-120.4579,56.79,77,0,4.61,US,2022-02-04 02:23:56
472,Shenjiamen,29.9576,122.298,44.87,63,100,13.78,CN,2022-02-04 02:20:21
473,Alyangula,-13.8483,136.4192,85.87,74,100,11.5,AU,2022-02-04 02:24:01
474,Shakawe,-18.3667,21.85,64.04,91,51,4.07,BW,2022-02-04 02:24:02
475,Camacha,33.0833,-16.3333,62.53,100,20,9.22,PT,2022-02-04 02:24:02
476,Pangnirtung,66.1451,-65.7125,-13.38,99,100,4.59,CA,2022-02-04 02:24:02
477,Fonte Boa,-2.4959,-66.2662,72.46,95,42,1.7,BR,2022-02-04 02:24:03
478,Odweyne,9.4092,45.064,60.91,33,23,5.66,SO,2022-02-04 02:24:03
479,Ucluelet,48.9329,-125.5528,46.09,94,100,4.41,CA,2022-02-04 02:22:02
480,Champerico,14.3,-91.9167,81.36,67,22,6.51,GT,2022-02-04 02:24:04
481,Skibbereen,51.55,-9.2667,42.12,81,100,12.95,IE,2022-02-04 02:24:04
482,Grand-Santi,4.25,-54.3833,72.0,99,100,2.19,GF,2022-02-04 02:24:05
483,Broome,42.2506,-75.833,35.37,85,100,4.0,US,2022-02-04 02:19:27
484,Caririacu,-7.0422,-39.2836,73.49,88,20,0.0,BR,2022-02-04 02:24:05
485,Harlow,51.7766,0.1116,49.55,80,100,17.27,GB,2022-02-04 02:22:36
486,Kapiri Mposhi,-13.9652,28.6809,61.93,97,97,4.43,ZM,2022-02-04 02:19:10
487,Vrangel,42.7297,133.0839,14.68,52,1,14.23,RU,2022-02-04 02:24:06
488,Virginia Beach,36.8529,-75.978,63.27,72,40,8.01,US,2022-02-04 02:20:28
489,Fairbanks,64.8378,-147.7164,1.49,52,0,8.05,US,2022-02-04 02:24:07
490,Atar,20.5169,-13.0499,66.88,15,0,7.61,MR,2022-02-04 02:24:07
491,Ambilobe,-13.2,49.05,75.09,93,98,6.26,MG,2022-02-04 02:24:07
492,San Carlos De Bariloche,-41.1456,-71.3082,62.35,48,40,10.36,AR,2022-02-04 02:20:26
493,Roebourne,-20.7833,117.1333,91.63,43,92,12.28,AU,2022-02-04 02:24:08
494,Qaqortoq,60.7167,-46.0333,27.1,96,100,10.92,GL,2022-02-04 02:24:08
495,Trairi,-3.2778,-39.2689,78.06,84,95,7.74,BR,2022-02-04 02:24:09
496,Wilmington Island,32.0036,-80.9737,66.97,72,0,10.36,US,2022-02-04 02:22:57
497,Paita,-5.0892,-81.1144,72.09,81,41,15.26,PE,2022-02-04 02:24:09
498,Nipawin,53.3668,-104.0009,-12.96,77,0,5.75,CA,2022-02-04 02:24:10
499,Kiama,-34.6833,150.8667,74.68,62,79,17.34,AU,2022-02-04 02:24:10
500,Suoyarvi,62.0833,32.35,-2.24,100,97,0.09,RU,2022-02-04 02:24:11
501,Zhigalovo,54.8097,105.1578,2.57,98,100,2.1,RU,2022-02-04 02:24:11
502,San Ramon,37.7799,-121.978,56.95,53,0,5.75,US,2022-02-04 02:24:11
503,Pisco,-13.7,-76.2167,69.85,78,0,12.66,PE,2022-02-04 02:24:12
504,Liaozhong,41.5061,122.7242,14.49,36,0,13.58,CN,2022-02-04 02:24:12
505,Noyon,49.5833,3.0,46.92,89,100,9.91,FR,2022-02-04 02:24:13
506,Oktyabrskoye,43.0645,44.7417,26.74,93,100,6.71,RU,2022-02-04 02:21:39
507,Safford,32.834,-109.7076,42.06,26,0,5.41,US,2022-02-04 02:24:13
508,Ayagoz,47.9714,80.4392,-11.96,95,97,6.13,KZ,2022-02-04 02:24:14
509,Ureshino,33.1,129.9833,46.44,40,4,9.82,JP,2022-02-04 02:24:14
510,Kalemie,-5.9475,29.1947,68.97,91,100,8.05,CD,2022-02-04 02:19:16
511,Narsaq,60.9167,-46.05,26.82,97,100,7.7,GL,2022-02-04 02:20:51
512,Gamba,-2.65,10.0,73.8,90,100,1.99,GA,2022-02-04 02:23:41
513,Ada,43.4166,-116.1262,31.08,73,20,8.01,US,2022-02-04 02:25:16
514,Tymovskoye,50.8456,142.655,8.1,88,100,7.29,RU,2022-02-04 02:25:16
515,Namwala,-15.7504,26.4384,64.15,98,100,3.31,ZM,2022-02-04 02:25:16
516,Port Hardy,50.6996,-127.4199,45.75,87,75,11.5,CA,2022-02-04 02:25:17
517,Carroll,39.5501,-77.0164,54.91,94,100,12.66,US,2022-02-04 02:25:17
518,Sao Miguel Do Araguaia,-13.275,-50.1628,73.45,90,2,1.63,BR,2022-02-04 02:25:18
519,Victor Harbor,-35.5667,138.6167,75.72,60,0,1.01,AU,2022-02-04 02:25:18
520,Anloga,5.7947,0.8973,80.82,81,0,7.16,GH,2022-02-04 02:25:18
521,Hamilton,39.1834,-84.5333,24.98,91,100,3.0,US,2022-02-04 02:24:53
522,Santa Maria Del Oro,25.9333,-105.3667,48.07,56,0,8.48,MX,2022-02-04 02:25:19
523,Khetia,21.6667,74.5833,59.99,34,0,2.13,IN,2022-02-04 02:25:19
524,Chuy,-33.6971,-53.4616,73.02,95,100,5.79,UY,2022-02-04 02:25:20
525,Biak,-0.9131,122.8766,83.44,61,100,0.81,ID,2022-02-04 02:25:20
526,Bitkine,11.9801,18.2138,63.27,16,3,7.63,TD,2022-02-04 02:25:21
527,Kaeo,-35.1,173.7833,77.32,82,95,10.0,NZ,2022-02-04 02:25:21
528,Amazar,53.858,120.875,-2.24,71,73,4.65,RU,2022-02-04 02:25:21
529,Kidal,18.4411,1.4078,58.41,16,0,14.92,ML,2022-02-04 02:25:22
530,Paidha,2.4167,30.9855,65.89,47,100,4.72,UG,2022-02-04 02:25:22
531,Rio Gallegos,-51.6226,-69.2181,48.25,53,75,11.5,AR,2022-02-04 02:25:23
532,Lincoln,40.8,-96.667,13.44,45,0,0.0,US,2022-02-04 02:22:31
533,Liepaja,56.5419,21.0367,30.25,93,100,9.22,LV,2022-02-04 02:25:23
534,Malanje,-9.5402,16.341,62.51,92,100,1.48,AO,2022-02-04 02:25:24
535,Gulu,2.7746,32.299,71.06,41,99,4.5,UG,2022-02-04 02:25:24
536,Axim,4.8699,-2.2405,78.06,85,0,5.55,GH,2022-02-04 02:25:25
537,Beringovskiy,63.05,179.3167,0.86,77,100,18.43,RU,2022-02-04 02:25:25
538,Praxedis Guerrero,31.3667,-106.0167,31.59,59,20,9.93,MX,2022-02-04 02:25:26
539,Meulaboh,4.1363,96.1285,78.48,80,82,3.4,ID,2022-02-04 02:25:26
540,Salto,-31.3833,-57.9667,75.87,84,100,4.0,UY,2022-02-04 02:25:26
541,Beyneu,45.3167,55.2,36.09,69,100,22.1,KZ,2022-02-04 02:25:27
542,Yar-Sale,66.8333,70.8333,-4.23,99,99,5.35,RU,2022-02-04 02:22:20
543,Nantucket,41.2835,-70.0995,50.14,94,100,13.8,US,2022-02-04 02:21:44
544,Sri Aman,1.2376,111.4621,82.45,89,40,0.0,MY,2022-02-04 02:25:28
545,Bemidji,47.4736,-94.8803,-1.82,58,75,4.61,US,2022-02-04 02:21:13
546,Mandasa,18.8667,84.4667,72.48,77,72,7.47,IN,2022-02-04 02:25:28
547,Gat,31.61,34.7642,53.4,4,5,11.81,IL,2022-02-04 02:25:29
548,Emerald,-23.5333,148.1667,85.33,52,2,14.65,AU,2022-02-04 02:20:36
549,Road Town,18.4167,-64.6167,77.09,77,87,16.91,VG,2022-02-04 02:21:10
550,Leh,34.1667,77.5833,3.38,97,100,1.79,IN,2022-02-04 02:25:30
551,Williston,48.147,-103.618,14.41,69,98,8.99,US,2022-02-04 02:20:39
552,Haines Junction,60.7522,-137.5108,0.32,99,100,3.4,CA,2022-02-04 02:25:30
553,Qui Nhon,13.7667,109.2333,72.34,87,100,14.5,VN,2022-02-04 02:25:31
554,Kudymkar,59.0173,54.656,-1.01,100,100,0.87,RU,2022-02-04 02:25:31
555,Nioki,-2.7167,17.6833,70.61,96,100,2.48,CD,2022-02-04 02:25:32
556,Smithers,54.7804,-127.1743,21.52,86,100,0.0,CA,2022-02-04 02:26:32
557,Haileybury,47.449,-79.6373,-8.82,98,59,3.2,CA,2022-02-04 02:26:32
558,Kalanguy,51.0167,116.5167,-7.02,86,12,2.53,RU,2022-02-04 02:26:33
559,Whitehorse,60.7161,-135.0538,-6.83,77,100,3.44,CA,2022-02-04 02:26:33
560,Neopolis,-10.32,-36.5794,75.88,81,83,5.32,BR,2022-02-04 02:26:34
561,Manoel Urbano,-8.8389,-69.2597,73.63,94,100,2.82,BR,2022-02-04 02:26:34
562,Burriana,39.889,-0.085,57.74,57,48,2.68,ES,2022-02-04 02:26:34
563,Hamina,60.5697,27.1979,7.88,100,100,5.32,FI,2022-02-04 02:26:35
564,Prescott,34.54,-112.4685,37.71,26,0,4.0,US,2022-02-04 02:23:04
565,Tarauaca,-8.1614,-70.7656,72.37,99,98,2.46,BR,2022-02-04 02:26:35
566,Richards Bay,-28.783,32.0377,76.14,94,92,6.26,ZA,2022-02-04 02:26:36
567,Qingyuan,23.7,113.0333,49.98,68,7,8.55,CN,2022-02-04 02:26:36
568,Kedrovyy,56.1667,91.8167,-3.59,95,100,4.74,RU,2022-02-04 02:26:37
569,Saboya,5.6964,-73.7693,50.02,93,87,1.99,CO,2022-02-04 02:26:37
570,Changping,40.2186,116.2197,22.64,28,0,9.93,CN,2022-02-04 02:26:37
